"id","content_guid","principal_guid","principal_type","role"
"3046","bf10adb8-3920-4909-a946-a2d20d435733","d339bdd2-42e0-4165-9a90-08622c0e4469","user","viewer"
"3045","76598f7d-d695-4846-b898-ee401a1c9b61","129334f1-80c7-4fbc-af9c-0bc3cea420f2","group","owner"
"2920","6992785f-04b8-4587-95ee-ae490278cf09","aae487aa-a6b9-4d16-8d53-6d364b996e39","user","viewer"
"3048","da41dc10-7a1c-445f-b47d-b3910079a671","facd3756-e217-47a6-a7fc-9a8e8ece0794","user","viewer"
"3017","68a7e28d-4499-43e5-a3f6-3e820e32003b","9b2318f8-1fbb-408b-90dd-b2c351b7520d","user","owner"
"3016","1fbae7ff-0c6c-4fa3-8f37-3aeaed1136e6","9b2318f8-1fbb-408b-90dd-b2c351b7520d","user","owner"
"2795","cd6aece4-a52b-43ec-b3a5-351ace42689e","413cdb63-93c2-404e-aa2a-79c658123b61","user","owner"
"3008","09daf731-f379-4c20-8c23-bbb9ff229754","47ecfd5f-46ee-420f-8dd9-1326e2154996","user","owner"
"3039","85052b28-e8da-460a-96db-446b444814f1","ce4a2614-46f0-4857-a853-f2e06ff9cd41","user","viewer"
"3040","85052b28-e8da-460a-96db-446b444814f1","434f97ab-4b97-4443-8490-ed1052f37b29","user","viewer"
"3044","85052b28-e8da-460a-96db-446b444814f1","22b95f63-1138-4d35-add5-50f6f3f8aa1c","user","viewer"
"3041","85052b28-e8da-460a-96db-446b444814f1","3cade7ed-3144-4087-a041-6a7e0f8ffeeb","group","viewer"
"3042","85052b28-e8da-460a-96db-446b444814f1","03b2d837-1b95-4171-91c6-46670c655e85","group","viewer"
"3043","85052b28-e8da-460a-96db-446b444814f1","d9bb9e3a-e4ec-47c4-a7f0-6fa98b61e5be","group","viewer"
"3050","bb4c7698-62d6-431d-a342-14137884763d","facd3756-e217-47a6-a7fc-9a8e8ece0794","user","viewer"
"2509","bfd85872-7f55-49b5-99cc-6e294fcce721","054c2c71-5f5b-4e1d-8ec3-2b0c6ee21bc7","user","owner"
"2510","bfd85872-7f55-49b5-99cc-6e294fcce721","3acbbd75-ab3c-4490-a489-bc53d38399b4","user","viewer"
"2542","bfd85872-7f55-49b5-99cc-6e294fcce721","81b09132-b785-4524-958b-2c8556757199","user","viewer"
"2640","bfd85872-7f55-49b5-99cc-6e294fcce721","4aa701b7-929d-4ea4-9ecb-32c1130477dd","user","viewer"
"2656","bfd85872-7f55-49b5-99cc-6e294fcce721","f2fc9312-5219-4e65-9e1f-881722b55251","user","owner"
"3007","bfd85872-7f55-49b5-99cc-6e294fcce721","bb881cbc-21ab-46bb-b6b2-889e9d00480a","user","viewer"
"3069","5a08d717-ab2e-48ea-a8a8-72ff072de861","0fc96747-ec9c-48b6-b886-0a071099e1ff","user","viewer"
"3004","9bc0b982-9be2-4262-b22d-53f60121e65d","bfaf55d2-8fa9-4aea-9ab2-e1bd1ac00a39","user","viewer"
"3005","9bc0b982-9be2-4262-b22d-53f60121e65d","653ca74d-19ed-45e5-a59e-7c83eb9054b2","user","viewer"
"2939","46808111-5971-4c61-8cc9-784422a84ed1","434f97ab-4b97-4443-8490-ed1052f37b29","user","owner"
"1880","029b3d75-ccb7-4d8a-9dc8-0c1f0b438efb","434f97ab-4b97-4443-8490-ed1052f37b29","user","owner"
"1992","029b3d75-ccb7-4d8a-9dc8-0c1f0b438efb","aad821ec-aaf5-43a0-a3b0-758cff387142","user","owner"
"2213","2080c8db-4bc4-4105-81a4-d4f3cda2434a","2b83d5a3-4af0-4b65-8b63-a445b4573c54","user","owner"
"2998","b87ca9fe-789e-4993-998b-e7fd5edfdafd","19716f43-62db-4257-a2ca-4173c025cd8c","user","owner"
"2996","a058afd6-c1f5-4998-9915-5ce9cf3d4b76","19716f43-62db-4257-a2ca-4173c025cd8c","user","owner"
"2997","119cab65-aed3-4314-938b-93f59d27d7e4","19716f43-62db-4257-a2ca-4173c025cd8c","user","owner"
"2964","442e6d7b-a448-4728-b720-d9241c581a8f","7d2675e1-3d35-4e8d-aecc-7d2637afae45","user","viewer"
"2965","442e6d7b-a448-4728-b720-d9241c581a8f","d3eb7c68-eeac-4dd4-9d91-278ddf5c5c06","user","viewer"
"2966","442e6d7b-a448-4728-b720-d9241c581a8f","00c63de9-5c73-4bf5-8bb9-4752749d112d","user","viewer"
"2970","442e6d7b-a448-4728-b720-d9241c581a8f","8fa3e37e-2c4b-4a6f-aa32-3fdae0ab85ea","user","viewer"
"3001","77328dd5-49fc-4feb-bf88-2455975ab7c0","facd3756-e217-47a6-a7fc-9a8e8ece0794","user","owner"
"3083","77328dd5-49fc-4feb-bf88-2455975ab7c0","36943913-1ac8-464d-a61e-80b86a11d18b","user","viewer"
"2986","9f0b21c0-59c9-497d-a921-825cd9828c5a","81b09132-b785-4524-958b-2c8556757199","user","viewer"
"2969","eb48bfc4-d2df-4b78-bba2-31b98cb5fb72","9b2318f8-1fbb-408b-90dd-b2c351b7520d","user","viewer"
"2968","abd14882-7b32-43ff-934c-645a8adcdc94","d339bdd2-42e0-4165-9a90-08622c0e4469","user","owner"
"3070","f1552248-54e5-40cd-801e-2ea89574b600","0fc96747-ec9c-48b6-b886-0a071099e1ff","user","owner"
"2959","7e493575-1eff-40e5-b0fe-9dde36f06a7f","19716f43-62db-4257-a2ca-4173c025cd8c","user","owner"
"2944","bafe5fee-8efd-4260-a20e-c4d00e5ffd61","47ecfd5f-46ee-420f-8dd9-1326e2154996","user","owner"
"3009","bafe5fee-8efd-4260-a20e-c4d00e5ffd61","19716f43-62db-4257-a2ca-4173c025cd8c","user","viewer"
"3091","c24429fc-b890-4d0a-bda4-19a53fd33a75","facd3756-e217-47a6-a7fc-9a8e8ece0794","user","viewer"
"2917","e8af7d08-92ad-4706-9728-44bdb055a942","ce4a2614-46f0-4857-a853-f2e06ff9cd41","user","viewer"
"2830","386fd33f-6ab2-4975-99aa-efece5c057d2","2488b9a5-fa59-4e8c-8e65-c6e75f0cdd81","user","viewer"
"2831","386fd33f-6ab2-4975-99aa-efece5c057d2","c031a014-1d95-46a3-b627-09197236ad99","user","viewer"
"2833","386fd33f-6ab2-4975-99aa-efece5c057d2","218b5be1-84cc-491a-a97b-6bc73cae74d9","user","viewer"
"2836","386fd33f-6ab2-4975-99aa-efece5c057d2","bc06e694-2f3a-4d73-8dc9-7fb6279e496f","user","viewer"
"2838","386fd33f-6ab2-4975-99aa-efece5c057d2","d107a26c-6624-469b-964b-cd66eea484d4","user","viewer"
"2897","386fd33f-6ab2-4975-99aa-efece5c057d2","11ef6283-1922-4c8f-ac31-4d94bb106c2e","user","viewer"
"2885","af4e5e8a-4af6-4697-865b-27ccd0eb8308","47ecfd5f-46ee-420f-8dd9-1326e2154996","user","owner"
"2942","56571257-1e38-48e9-9844-ee4bf431f462","6634098f-633b-42eb-926b-575a47c9d3cd","user","viewer"
"2882","b26efb40-cb7b-48a0-b8a1-ae8f9659a9ca","ce4a2614-46f0-4857-a853-f2e06ff9cd41","user","viewer"
"3023","240d1a6b-a21c-4336-b39c-e48162235d0d","e5c8d844-c080-4938-99f0-3c22914cade8","user","viewer"
"2948","135d41e1-4094-4eb3-ae59-bd1310ae1549","22b95f63-1138-4d35-add5-50f6f3f8aa1c","user","viewer"
"2884","8b2bf48a-f7df-4d2a-9d76-3a2b7eef7737","47ecfd5f-46ee-420f-8dd9-1326e2154996","user","owner"
"2902","8c8a13ca-db9e-4844-a81f-a10b8f106f34","aae487aa-a6b9-4d16-8d53-6d364b996e39","user","owner"
"2898","b190e794-30ea-4545-b573-8f978e593a80","aae487aa-a6b9-4d16-8d53-6d364b996e39","user","owner"
"2870","236c363b-1231-4215-821e-8dde6d631cdb","ce4a2614-46f0-4857-a853-f2e06ff9cd41","user","owner"
"2872","236c363b-1231-4215-821e-8dde6d631cdb","434f97ab-4b97-4443-8490-ed1052f37b29","user","owner"
"2868","c5916c80-0e67-42bd-a2e6-895460a8a681","ce4a2614-46f0-4857-a853-f2e06ff9cd41","user","owner"
"2869","c5916c80-0e67-42bd-a2e6-895460a8a681","434f97ab-4b97-4443-8490-ed1052f37b29","user","owner"
"2867","86c4a018-97f5-45d4-951f-37cd10b19fcf","ce4a2614-46f0-4857-a853-f2e06ff9cd41","user","owner"
"2873","86c4a018-97f5-45d4-951f-37cd10b19fcf","434f97ab-4b97-4443-8490-ed1052f37b29","user","owner"
"2865","35f9bfaf-3a3e-48f1-a86b-0bd54c5b5a47","ce4a2614-46f0-4857-a853-f2e06ff9cd41","user","owner"
"2866","35f9bfaf-3a3e-48f1-a86b-0bd54c5b5a47","434f97ab-4b97-4443-8490-ed1052f37b29","user","owner"
"2864","115b0225-19a5-43b7-93b4-c0499574a77e","1d6cc041-eb11-411e-810e-718508cde25b","user","owner"
"2929","2f91ea6f-1044-4383-a33b-489acb75d6a6","22b95f63-1138-4d35-add5-50f6f3f8aa1c","user","viewer"
"2930","2f91ea6f-1044-4383-a33b-489acb75d6a6","ce4a2614-46f0-4857-a853-f2e06ff9cd41","user","owner"
"2851","25c417cd-e4b6-4c5a-ac6f-752de49a4518","4ec8aecb-07cf-4eed-8e49-54d900752ba1","user","owner"
"2938","25c417cd-e4b6-4c5a-ac6f-752de49a4518","434f97ab-4b97-4443-8490-ed1052f37b29","user","owner"
"2846","ffbd1dbc-3c13-471b-b7e6-a765b218349a","2f413a29-82ef-4fd6-8f7d-775110e7a783","user","owner"
"3049","1757dac5-da79-4d8e-8df2-6bfdac74fb7c","facd3756-e217-47a6-a7fc-9a8e8ece0794","user","owner"
"2857","a52758d0-8ced-432a-93d5-5e21c5f2aade","434f97ab-4b97-4443-8490-ed1052f37b29","user","owner"
"2858","a52758d0-8ced-432a-93d5-5e21c5f2aade","baf0f172-4ee5-440b-8437-39ca7071ce4f","user","owner"
"2859","a52758d0-8ced-432a-93d5-5e21c5f2aade","ce4a2614-46f0-4857-a853-f2e06ff9cd41","user","owner"
"2854","a52758d0-8ced-432a-93d5-5e21c5f2aade","03b2d837-1b95-4171-91c6-46670c655e85","group","owner"
"2855","a52758d0-8ced-432a-93d5-5e21c5f2aade","3cade7ed-3144-4087-a041-6a7e0f8ffeeb","group","owner"
"2856","a52758d0-8ced-432a-93d5-5e21c5f2aade","d9bb9e3a-e4ec-47c4-a7f0-6fa98b61e5be","group","owner"
"2837","22dbb5eb-0242-4cf3-acee-233d141c941f","4ec8aecb-07cf-4eed-8e49-54d900752ba1","user","owner"
"2832","9c9b9b92-5ec2-45c1-8573-9c1716d8b1b5","9b2318f8-1fbb-408b-90dd-b2c351b7520d","user","owner"
"2874","a692caea-1060-4f23-9f5a-9f79fd5e4eb6","facd3756-e217-47a6-a7fc-9a8e8ece0794","user","owner"
"2835","d482e09a-eea6-4b6c-8bf8-b586e25f69d8","e17872f8-8aaa-4f08-8fe0-2c7631e0431b","user","owner"
"2900","d482e09a-eea6-4b6c-8bf8-b586e25f69d8","36943913-1ac8-464d-a61e-80b86a11d18b","user","owner"
"2811","65e20e5d-13b1-4901-b941-9e5d6e61fd33","7d2675e1-3d35-4e8d-aecc-7d2637afae45","user","owner"
"2809","ec39f0dc-1540-49bf-99f8-31fcb28a485c","c0ea47d2-2005-4cff-8cb6-c7fd14c17389","user","viewer"
"2805","cfe8a804-830d-4f94-bf1c-38faf2be6650","d339bdd2-42e0-4165-9a90-08622c0e4469","user","owner"
"2790","926ed11e-6d4f-40a1-a08f-9a08b46f194c","47ecfd5f-46ee-420f-8dd9-1326e2154996","user","owner"
"2785","c10dc346-f4b4-483a-a861-04e0981013e2","47ecfd5f-46ee-420f-8dd9-1326e2154996","user","owner"
"2789","30b51149-aae5-4b5e-bb3a-ba4369192a0b","0fc96747-ec9c-48b6-b886-0a071099e1ff","user","owner"
"2786","b855608c-3424-4b29-abff-cdfe0b770d3d","47ecfd5f-46ee-420f-8dd9-1326e2154996","user","owner"
"2823","c1278310-0a90-4dd1-bd60-b403b0ccd330","e5c8d844-c080-4938-99f0-3c22914cade8","user","owner"
"2762","8b33106e-df19-49bc-9969-a755c1f9802c","36943913-1ac8-464d-a61e-80b86a11d18b","user","owner"
"2735","295b1f03-6f01-44a1-b415-c380a0a51736","62e37f65-33d7-424b-824f-520a808ff4de","user","owner"
"2736","295b1f03-6f01-44a1-b415-c380a0a51736","00c63de9-5c73-4bf5-8bb9-4752749d112d","user","owner"
"2737","295b1f03-6f01-44a1-b415-c380a0a51736","d3eb7c68-eeac-4dd4-9d91-278ddf5c5c06","user","owner"
"2527","6d062a89-d712-49d2-99de-10ac5a719023","21afa72d-1f8b-4b05-ab17-4b4da4c2e670","user","owner"
"2732","6d062a89-d712-49d2-99de-10ac5a719023","d3eb7c68-eeac-4dd4-9d91-278ddf5c5c06","user","owner"
"2733","6d062a89-d712-49d2-99de-10ac5a719023","00c63de9-5c73-4bf5-8bb9-4752749d112d","user","owner"
"2734","6d062a89-d712-49d2-99de-10ac5a719023","62e37f65-33d7-424b-824f-520a808ff4de","user","owner"
"2781","fd9f6bec-4740-4041-8034-28a0099e341b","d339bdd2-42e0-4165-9a90-08622c0e4469","user","owner"
"2783","fd9f6bec-4740-4041-8034-28a0099e341b","aae487aa-a6b9-4d16-8d53-6d364b996e39","user","viewer"
"2754","18fb2325-c4b8-49d0-b90f-6dddc9fb6f28","ce4a2614-46f0-4857-a853-f2e06ff9cd41","user","owner"
"2755","18fb2325-c4b8-49d0-b90f-6dddc9fb6f28","baf0f172-4ee5-440b-8437-39ca7071ce4f","user","viewer"
"2722","a9a42ca4-c3dd-4c16-ac75-eff9349c322f","9b2318f8-1fbb-408b-90dd-b2c351b7520d","user","owner"
"2705","92cd3202-4110-465b-a64a-33b9cb270c56","2488b9a5-fa59-4e8c-8e65-c6e75f0cdd81","user","viewer"
"2706","92cd3202-4110-465b-a64a-33b9cb270c56","7567bd21-b89e-4012-a064-d83aefe56186","user","viewer"
"2707","92cd3202-4110-465b-a64a-33b9cb270c56","c031a014-1d95-46a3-b627-09197236ad99","user","viewer"
"2708","92cd3202-4110-465b-a64a-33b9cb270c56","9b2318f8-1fbb-408b-90dd-b2c351b7520d","user","viewer"
"2709","92cd3202-4110-465b-a64a-33b9cb270c56","ef558598-1d87-40f5-9025-dda8dc62f92a","user","viewer"
"2710","92cd3202-4110-465b-a64a-33b9cb270c56","26b45e47-c7ec-4be0-8be1-78eb67f304c1","user","viewer"
"2712","92cd3202-4110-465b-a64a-33b9cb270c56","bc06e694-2f3a-4d73-8dc9-7fb6279e496f","user","viewer"
"2713","92cd3202-4110-465b-a64a-33b9cb270c56","72b9ae81-2128-4717-8732-58ad4e346975","user","viewer"
"2717","92cd3202-4110-465b-a64a-33b9cb270c56","eb9762dc-bc25-4118-8187-8dc90e96df99","user","viewer"
"2718","d173829c-889a-4232-82c0-36f4d7d0b438","2f413a29-82ef-4fd6-8f7d-775110e7a783","user","owner"
"2721","229a7499-d84c-4402-b4be-5778451b83e3","19716f43-62db-4257-a2ca-4173c025cd8c","user","owner"
"2700","16c3f7d1-f0b0-497e-a9d0-67457a7ac6c1","81b09132-b785-4524-958b-2c8556757199","user","owner"
"2687","6f19bc07-41e9-4dbf-8dba-316cfd383168","bc06e694-2f3a-4d73-8dc9-7fb6279e496f","user","viewer"
"2688","6f19bc07-41e9-4dbf-8dba-316cfd383168","4aa701b7-929d-4ea4-9ecb-32c1130477dd","user","viewer"
"2689","6f19bc07-41e9-4dbf-8dba-316cfd383168","c031a014-1d95-46a3-b627-09197236ad99","user","viewer"
"2690","6f19bc07-41e9-4dbf-8dba-316cfd383168","2488b9a5-fa59-4e8c-8e65-c6e75f0cdd81","user","viewer"
"2691","6f19bc07-41e9-4dbf-8dba-316cfd383168","321a166d-6546-4565-b587-ae7c16364e93","user","viewer"
"2694","6f19bc07-41e9-4dbf-8dba-316cfd383168","218b5be1-84cc-491a-a97b-6bc73cae74d9","user","viewer"
"2697","6de2fadf-9cb4-498a-a95c-89ec8293eba4","434f97ab-4b97-4443-8490-ed1052f37b29","user","owner"
"2989","4ccbca3f-8533-4516-a5d3-67c87a620bcb","d339bdd2-42e0-4165-9a90-08622c0e4469","user","viewer"
"2693","00902289-c45f-4db4-ade7-685371da661f","9b2318f8-1fbb-408b-90dd-b2c351b7520d","user","owner"
"2692","1061055d-e13f-4b96-8b27-916fcaa8c396","9b2318f8-1fbb-408b-90dd-b2c351b7520d","user","owner"
"2685","2610c8c3-fbe7-4394-83eb-dc99ea160aa6","9b2318f8-1fbb-408b-90dd-b2c351b7520d","user","owner"
"2686","2610c8c3-fbe7-4394-83eb-dc99ea160aa6","4aa701b7-929d-4ea4-9ecb-32c1130477dd","user","owner"
"2683","e69744c6-be2f-4b7a-ab40-b2675178da61","2b83d5a3-4af0-4b65-8b63-a445b4573c54","user","viewer"
"2946","5fe7d831-112d-4371-a30f-744d16996d31","aae487aa-a6b9-4d16-8d53-6d364b996e39","user","viewer"
"2677","61b4c909-793c-43c3-a32c-241d16917a57","ce4a2614-46f0-4857-a853-f2e06ff9cd41","user","owner"
"2678","478d3645-8bbd-43d8-833a-8496adf6c142","ce4a2614-46f0-4857-a853-f2e06ff9cd41","user","owner"
"2676","79140dd5-0187-43ed-b387-4848d0fa9592","ce4a2614-46f0-4857-a853-f2e06ff9cd41","user","viewer"
"2918","e4be35b6-c1ed-463c-96ea-b6e3a2877d44","434f97ab-4b97-4443-8490-ed1052f37b29","user","viewer"
"2621","c99bf23a-ad3a-4f84-8f1b-bee70c905e6f","9b2318f8-1fbb-408b-90dd-b2c351b7520d","user","owner"
"2792","4463389b-a4c1-440e-84ab-8604ffedff2a","81b09132-b785-4524-958b-2c8556757199","user","owner"
"2793","4463389b-a4c1-440e-84ab-8604ffedff2a","aae487aa-a6b9-4d16-8d53-6d364b996e39","user","owner"
"2794","4463389b-a4c1-440e-84ab-8604ffedff2a","fc592b88-3cf9-4a49-9ab1-0b888095878a","user","owner"
"2661","e1e9d5e4-7733-436f-b34d-adb4e7ea376a","2488b9a5-fa59-4e8c-8e65-c6e75f0cdd81","user","viewer"
"3065","dad425ac-58a1-402d-9045-d225823c381e","36943913-1ac8-464d-a61e-80b86a11d18b","user","owner"
"2663","2f921295-8ca7-486c-b8d6-841895bf8812","ce4a2614-46f0-4857-a853-f2e06ff9cd41","user","owner"
"3012","5c4c52ef-3828-401f-a00f-26096a6d53e3","81b09132-b785-4524-958b-2c8556757199","user","viewer"
"2987","80a624b6-3626-4b43-9b02-2c2dcae0aed4","aae487aa-a6b9-4d16-8d53-6d364b996e39","user","viewer"
"3068","c74f32d6-ffdc-4458-84dd-9a6b760738e7","36943913-1ac8-464d-a61e-80b86a11d18b","user","owner"
"2650","cbb7be82-1190-4c77-bc54-d480089b5fc9","47ecfd5f-46ee-420f-8dd9-1326e2154996","user","owner"
"2657","5d157d6b-4007-40c9-b0e3-4057492b80c1","c392504a-98cf-4906-b9c7-f3813641ebcf","user","owner"
"2644","fd798384-dd66-45e8-95e6-401ecda8e0f2","ce4a2614-46f0-4857-a853-f2e06ff9cd41","user","owner"
"2638","5726e4f3-0d9f-40ad-b0fc-b2ec62c7fccf","e5c8d844-c080-4938-99f0-3c22914cade8","user","owner"
"2639","5726e4f3-0d9f-40ad-b0fc-b2ec62c7fccf","d339bdd2-42e0-4165-9a90-08622c0e4469","user","owner"
"2642","5726e4f3-0d9f-40ad-b0fc-b2ec62c7fccf","81b09132-b785-4524-958b-2c8556757199","user","owner"
"2645","b94dd006-eba5-4dee-ade6-88fac51eaaa4","ce4a2614-46f0-4857-a853-f2e06ff9cd41","user","owner"
"2615","9aad122a-1840-4ec9-8ea3-4f684e40f7b7","c392504a-98cf-4906-b9c7-f3813641ebcf","user","owner"
"2616","9aad122a-1840-4ec9-8ea3-4f684e40f7b7","130fb71b-4d27-4c0f-8c51-05e3cf0f9544","user","owner"
"2637","4e9cd5b3-9d02-4904-999f-c1d96b52c62b","19716f43-62db-4257-a2ca-4173c025cd8c","user","owner"
"2597","a02f2b2e-83fa-4486-84f6-ba092302c679","2b83d5a3-4af0-4b65-8b63-a445b4573c54","user","owner"
"2655","9410afd0-5238-46c5-b676-59d16c8f76c9","19716f43-62db-4257-a2ca-4173c025cd8c","user","owner"
"2827","9410afd0-5238-46c5-b676-59d16c8f76c9","aae487aa-a6b9-4d16-8d53-6d364b996e39","user","owner"
"2598","18414681-5e01-4277-82d8-4091efe19d70","3be5e66d-b767-4912-89be-fb958467111e","user","owner"
"2564","03809a35-bdcd-44fe-94bf-f05e895430fc","9b2318f8-1fbb-408b-90dd-b2c351b7520d","user","owner"
"2562","d9f52a5a-bf4c-4266-9238-c9e375426a25","ce4a2614-46f0-4857-a853-f2e06ff9cd41","user","owner"
"2563","d9f52a5a-bf4c-4266-9238-c9e375426a25","651413bd-188b-41e7-81bf-fa98ab581a26","group","owner"
"2313","208801cd-5059-4b95-abc6-447e0c692a09","22b95f63-1138-4d35-add5-50f6f3f8aa1c","user","owner"
"2565","208801cd-5059-4b95-abc6-447e0c692a09","3580dcdd-fbf9-4666-b677-ac1b779b3b27","user","owner"
"2566","208801cd-5059-4b95-abc6-447e0c692a09","ce4a2614-46f0-4857-a853-f2e06ff9cd41","user","owner"
"3056","b1abd8e6-481c-475d-a797-4ea204cd510d","005c9527-a15b-473c-a73a-95c5da83c738","user","owner"
"2548","440f1bf3-73fd-4367-837b-0791b096c9e0","2488b9a5-fa59-4e8c-8e65-c6e75f0cdd81","user","viewer"
"2555","440f1bf3-73fd-4367-837b-0791b096c9e0","c21a5e4a-bd26-4412-945e-089d815a55e8","user","owner"
"2552","5ac77fa7-5331-459f-950b-fb6a48375255","81b09132-b785-4524-958b-2c8556757199","user","owner"
"2540","e8be7e26-1448-408b-b00c-15338d39790a","ce4a2614-46f0-4857-a853-f2e06ff9cd41","user","owner"
"2532","8557b774-4212-4163-8154-01cdda4d0b68","321a166d-6546-4565-b587-ae7c16364e93","user","viewer"
"2513","ca34627e-24ec-4aff-ba25-031eacbc06c4","9b2318f8-1fbb-408b-90dd-b2c351b7520d","user","owner"
"2523","5bd7486f-82d5-4668-86fe-520bb28188aa","ce4a2614-46f0-4857-a853-f2e06ff9cd41","user","owner"
"3067","8fb12de4-e463-4bf0-9b4c-f00ab815caee","36943913-1ac8-464d-a61e-80b86a11d18b","user","owner"
"2664","7ccccfb3-02d4-4889-9884-389f04614b87","434f97ab-4b97-4443-8490-ed1052f37b29","user","owner"
"2482","e4ceb984-6c52-4b69-8b46-6ac9ebdf137c","e5c8d844-c080-4938-99f0-3c22914cade8","user","owner"
"2474","9455f4ba-a595-45d0-a517-73c2c7bbd586","321a166d-6546-4565-b587-ae7c16364e93","user","viewer"
"2475","9455f4ba-a595-45d0-a517-73c2c7bbd586","2488b9a5-fa59-4e8c-8e65-c6e75f0cdd81","user","viewer"
"2476","9455f4ba-a595-45d0-a517-73c2c7bbd586","218b5be1-84cc-491a-a97b-6bc73cae74d9","user","viewer"
"2490","4c692e97-c25a-4d1a-8d49-0ea4500bac67","4105ccc3-a2b1-4506-854a-60f22ae40443","user","viewer"
"2492","4c692e97-c25a-4d1a-8d49-0ea4500bac67","3580dcdd-fbf9-4666-b677-ac1b779b3b27","user","owner"
"2469","e91a80a4-ffd1-4950-99aa-d18946fad409","cd3f96b8-45e0-45a1-b536-31595d585b9d","group","viewer"
"2457","c325bdd4-f002-478a-a7de-d54a2a997163","7ba534e3-0364-4217-a2fe-65e8f576e710","user","viewer"
"2450","fc06be0c-cc27-468c-a638-3df30c912e4f","8eeca1c8-9411-4f44-bfa1-1f2209b9d91f","user","owner"
"2477","a9f18c7a-862b-48e8-9886-52f9f9ec1cca","434f97ab-4b97-4443-8490-ed1052f37b29","user","owner"
"1448","dd9f3da6-236d-4d0d-bd86-415dd4434e28","22b95f63-1138-4d35-add5-50f6f3f8aa1c","user","owner"
"2447","dd9f3da6-236d-4d0d-bd86-415dd4434e28","3580dcdd-fbf9-4666-b677-ac1b779b3b27","user","owner"
"2448","dd9f3da6-236d-4d0d-bd86-415dd4434e28","4105ccc3-a2b1-4506-854a-60f22ae40443","user","owner"
"2433","54c95d33-dea7-41b2-8118-e4b9e8cf3e30","ce4a2614-46f0-4857-a853-f2e06ff9cd41","user","owner"
"2493","54c95d33-dea7-41b2-8118-e4b9e8cf3e30","1270410b-c07e-4f40-8f50-0abf0529ef8f","user","owner"
"2494","54c95d33-dea7-41b2-8118-e4b9e8cf3e30","e5c8d844-c080-4938-99f0-3c22914cade8","user","owner"
"2495","76f03101-1248-4905-a9bd-507bef3d5e3e","1270410b-c07e-4f40-8f50-0abf0529ef8f","user","owner"
"2496","76f03101-1248-4905-a9bd-507bef3d5e3e","e5c8d844-c080-4938-99f0-3c22914cade8","user","owner"
"2497","7c3981bb-854a-47d8-8738-0bdbef50467c","1270410b-c07e-4f40-8f50-0abf0529ef8f","user","owner"
"2498","7c3981bb-854a-47d8-8738-0bdbef50467c","e5c8d844-c080-4938-99f0-3c22914cade8","user","owner"
"2179","c8692666-f3f6-4204-b2fc-91b642b0a15b","b88e3b0e-f61d-4bea-8b5c-453cc77adcd8","user","owner"
"2409","65f4628f-61ae-4bf5-8b8e-50fba9900004","8fa3e37e-2c4b-4a6f-aa32-3fdae0ab85ea","user","owner"
"2386","2fa7445d-2c63-4fd5-afc9-fd74747d557b","d339bdd2-42e0-4165-9a90-08622c0e4469","user","owner"
"2387","2fa7445d-2c63-4fd5-afc9-fd74747d557b","81b09132-b785-4524-958b-2c8556757199","user","owner"
"2431","2fa7445d-2c63-4fd5-afc9-fd74747d557b","3be5e66d-b767-4912-89be-fb958467111e","user","owner"
"2383","10a2cb15-6584-4efb-ae79-24e07f17b383","a6fb5cea-fc79-4464-a403-6acbd5579816","group","owner"
"2992","ebfc3e4a-ee99-4244-92ba-dc9979ac08bf","aae487aa-a6b9-4d16-8d53-6d364b996e39","user","owner"
"2993","ebfc3e4a-ee99-4244-92ba-dc9979ac08bf","e5c8d844-c080-4938-99f0-3c22914cade8","user","owner"
"2371","103c775f-f2b0-46b0-86d8-111409365215","36943913-1ac8-464d-a61e-80b86a11d18b","user","owner"
"2366","0dff348b-77e1-40cb-a093-79bcf053b3e0","22b95f63-1138-4d35-add5-50f6f3f8aa1c","user","owner"
"2364","900110ec-d554-48bc-9839-dfe85ad56759","ce4a2614-46f0-4857-a853-f2e06ff9cd41","user","viewer"
"2340","db8cee00-9af0-45b4-b55d-14ab7d41e04d","1270410b-c07e-4f40-8f50-0abf0529ef8f","user","owner"
"2344","6aed5341-1867-4051-80f8-5f061a397ef9","1270410b-c07e-4f40-8f50-0abf0529ef8f","user","owner"
"2357","d5b8d946-3be3-4197-b1f4-a6ec022baf41","22b95f63-1138-4d35-add5-50f6f3f8aa1c","user","viewer"
"2343","76670019-d462-4750-a7d7-e8adf950d21c","1270410b-c07e-4f40-8f50-0abf0529ef8f","user","owner"
"2342","cc3ec3da-12c4-483d-b80c-a6a0fea65d32","1270410b-c07e-4f40-8f50-0abf0529ef8f","user","owner"
"2363","cc3ec3da-12c4-483d-b80c-a6a0fea65d32","434f97ab-4b97-4443-8490-ed1052f37b29","user","owner"
"2333","44ce164d-35e2-4327-935f-88c0fa7c747e","434f97ab-4b97-4443-8490-ed1052f37b29","user","owner"
"2345","44ce164d-35e2-4327-935f-88c0fa7c747e","1270410b-c07e-4f40-8f50-0abf0529ef8f","user","owner"
"2323","fb2b1bb6-d42e-4b9c-abd1-20efd80954f8","83d35f54-e359-4db8-8d1b-2244c8d2f00c","user","viewer"
"2318","244b4b6d-9280-48b4-88e2-5654aec7f61c","81b09132-b785-4524-958b-2c8556757199","user","owner"
"2307","a78c33e4-8247-4cc0-9c7b-3b677f6bfb93","22b95f63-1138-4d35-add5-50f6f3f8aa1c","user","owner"
"2306","34bad673-07cd-4acd-bab2-3426a0f3ce30","22b95f63-1138-4d35-add5-50f6f3f8aa1c","user","owner"
"2305","f89e2972-75c8-4089-80d0-7ca6b5091454","83d35f54-e359-4db8-8d1b-2244c8d2f00c","user","viewer"
"3066","8f65909e-3209-4cbb-bcea-9eedb62fc558","36943913-1ac8-464d-a61e-80b86a11d18b","user","owner"
"2288","b560d478-cd43-46f8-8665-a06c303cb9db","434f97ab-4b97-4443-8490-ed1052f37b29","user","owner"
"2290","b560d478-cd43-46f8-8665-a06c303cb9db","4932c723-3a81-4d41-adf4-1330f2cccdca","user","owner"
"2605","03e30471-a33c-49b2-b93b-962edb4ebca2","434f97ab-4b97-4443-8490-ed1052f37b29","user","viewer"
"2379","36b7815d-7f9c-4555-9518-4ca57ee1795f","81b09132-b785-4524-958b-2c8556757199","user","owner"
"2380","36b7815d-7f9c-4555-9518-4ca57ee1795f","83d35f54-e359-4db8-8d1b-2244c8d2f00c","user","owner"
"2281","042f08a3-fad7-4e08-aee4-fb17c6839646","68bad75b-d9aa-45c2-b5aa-dd8071324aa3","group","owner"
"2274","06cefd11-3341-4d4b-bdf2-82468b787266","22b95f63-1138-4d35-add5-50f6f3f8aa1c","user","owner"
"2276","06cefd11-3341-4d4b-bdf2-82468b787266","2b83d5a3-4af0-4b65-8b63-a445b4573c54","user","owner"
"2278","8b57f54e-c299-4c06-8c28-d68ef3c94500","e5c8d844-c080-4938-99f0-3c22914cade8","user","owner"
"2283","8b57f54e-c299-4c06-8c28-d68ef3c94500","a6fb5cea-fc79-4464-a403-6acbd5579816","group","owner"
"2277","cbc5200e-e33c-490a-8924-7b7ed2531c0e","a6fb5cea-fc79-4464-a403-6acbd5579816","group","owner"
"2810","b6b48f32-e734-43c4-b3ef-01c2e672b978","facd3756-e217-47a6-a7fc-9a8e8ece0794","user","owner"
"2267","a11f4218-a7c6-40d4-b04e-d13cc3aca6c4","2f413a29-82ef-4fd6-8f7d-775110e7a783","user","owner"
"2269","a11f4218-a7c6-40d4-b04e-d13cc3aca6c4","83d35f54-e359-4db8-8d1b-2244c8d2f00c","user","owner"
"2270","a11f4218-a7c6-40d4-b04e-d13cc3aca6c4","36943913-1ac8-464d-a61e-80b86a11d18b","user","owner"
"2271","a11f4218-a7c6-40d4-b04e-d13cc3aca6c4","9b2318f8-1fbb-408b-90dd-b2c351b7520d","user","owner"
"2303","c3fd844c-70bf-4a99-ba70-8793e16f9fd6","83d35f54-e359-4db8-8d1b-2244c8d2f00c","user","viewer"
"2257","43356903-e377-4cb2-bc0b-e2758be9b526","7d98e543-8009-4c02-bc1b-7f8ab5e313c4","group","owner"
"2243","a6ca34ba-0e4a-4dcb-ad99-acea5fbfeecd","baf0f172-4ee5-440b-8437-39ca7071ce4f","user","owner"
"2268","a6ca34ba-0e4a-4dcb-ad99-acea5fbfeecd","22b95f63-1138-4d35-add5-50f6f3f8aa1c","user","owner"
"2530","a6ca34ba-0e4a-4dcb-ad99-acea5fbfeecd","3be5e66d-b767-4912-89be-fb958467111e","user","owner"
"2255","efa573ac-00c7-4d49-9d5c-d60940e5c3ad","22b95f63-1138-4d35-add5-50f6f3f8aa1c","user","owner"
"2236","65e4763b-0973-4f99-9f9c-1bbb41a1caed","81b09132-b785-4524-958b-2c8556757199","user","owner"
"2235","6e3a9b1f-a68a-4340-a32e-85290b58da07","81b09132-b785-4524-958b-2c8556757199","user","owner"
"2234","b306ddb0-bc95-411e-b137-1e0fa902bc28","81b09132-b785-4524-958b-2c8556757199","user","owner"
"2233","750f0ae3-6d4d-412f-9122-bdce158fd3bf","ac527812-b776-4ab4-8a2f-385cd72a99fe","user","viewer"
"2220","21ac8ea7-81dd-4a8e-8aff-311ebffdf6ae","22b95f63-1138-4d35-add5-50f6f3f8aa1c","user","owner"
"2123","d67124f4-1eb5-4adf-8a91-d09db5749784","434f97ab-4b97-4443-8490-ed1052f37b29","user","owner"
"2190","baaed77a-1ac5-427f-a2cd-6e762d07bfcf","22b95f63-1138-4d35-add5-50f6f3f8aa1c","user","owner"
"2189","6be1283b-68a9-422b-8244-39beb33a3226","c6440668-15d0-4343-b3c8-18755c33df9b","user","owner"
"2177","41f5ee0d-c8c9-4164-9198-4a75d82b3248","b88e3b0e-f61d-4bea-8b5c-453cc77adcd8","user","owner"
"2166","1e516805-8f56-4c8e-bc33-0252dc6459ce","2f413a29-82ef-4fd6-8f7d-775110e7a783","user","owner"
"2150","d24243d2-fa96-415c-a1f5-e0f27e8933ff","c6440668-15d0-4343-b3c8-18755c33df9b","user","owner"
"2151","d24243d2-fa96-415c-a1f5-e0f27e8933ff","aac8ad38-eeab-4860-a818-d250119d2843","user","owner"
"2153","d24243d2-fa96-415c-a1f5-e0f27e8933ff","4932c723-3a81-4d41-adf4-1330f2cccdca","user","owner"
"2154","d24243d2-fa96-415c-a1f5-e0f27e8933ff","fdabff1c-30e1-4f11-8f50-ea1ba0655e82","user","owner"
"1993","23be112d-39fc-45cf-b51e-853644ffa4cd","be02fae4-25e7-40d1-b07d-a7f9f09e18f6","user","viewer"
"1994","23be112d-39fc-45cf-b51e-853644ffa4cd","18b7dc3b-93ee-4668-b6de-22b5de9b96e4","user","viewer"
"1922","3af66339-27c2-4287-923d-c43c6cb802c1","83d35f54-e359-4db8-8d1b-2244c8d2f00c","user","owner"
"2142","0c59e50b-a650-44f4-a41a-1ff020f4679b","22b95f63-1138-4d35-add5-50f6f3f8aa1c","user","owner"
"2432","0c59e50b-a650-44f4-a41a-1ff020f4679b","3be5e66d-b767-4912-89be-fb958467111e","user","owner"
"2218","7b72b273-72fa-423f-a2a9-f4673ea81b77","e5c8d844-c080-4938-99f0-3c22914cade8","user","owner"
"2237","7b72b273-72fa-423f-a2a9-f4673ea81b77","facd3756-e217-47a6-a7fc-9a8e8ece0794","user","owner"
"2128","dea6d87e-c4c0-4088-a07d-4d98f3e7c098","19716f43-62db-4257-a2ca-4173c025cd8c","user","owner"
"2126","5c36f7d1-dea6-4622-9640-828b723c3acd","83d35f54-e359-4db8-8d1b-2244c8d2f00c","user","owner"
"2121","41736877-6f6a-4011-80e9-b7c616ea91cd","22b95f63-1138-4d35-add5-50f6f3f8aa1c","user","owner"
"2120","72ab32d3-7bc1-46cf-a66d-922448c20209","22b95f63-1138-4d35-add5-50f6f3f8aa1c","user","viewer"
"2119","6eae7453-152b-4da7-9df9-ec7164be8c1b","434f97ab-4b97-4443-8490-ed1052f37b29","user","owner"
"2222","428f21df-6101-4397-936b-56a21192fce1","81b09132-b785-4524-958b-2c8556757199","user","owner"
"2223","428f21df-6101-4397-936b-56a21192fce1","cc9178ec-06a0-40d3-80bc-f34e67024177","user","owner"
"1976","e56c11aa-7042-4f95-8f64-7b3caebd82b6","81b09132-b785-4524-958b-2c8556757199","user","owner"
"1977","e56c11aa-7042-4f95-8f64-7b3caebd82b6","1a7a5703-74b7-49c7-897c-33f8925d9dba","user","owner"
"1989","e56c11aa-7042-4f95-8f64-7b3caebd82b6","1270410b-c07e-4f40-8f50-0abf0529ef8f","user","owner"
"2117","f36a4cf4-c948-4f9a-8f56-13eeb4e29144","81b09132-b785-4524-958b-2c8556757199","user","owner"
"2116","b3c8b40c-a74c-4852-989f-1f5f7aeca2c9","facd3756-e217-47a6-a7fc-9a8e8ece0794","user","owner"
"2315","17bed0a1-db15-4df6-9de0-deec321f21ad","22b95f63-1138-4d35-add5-50f6f3f8aa1c","user","owner"
"2104","b00ab022-5e6b-4695-a6ea-2e29b98355b8","f7e346b4-eec3-43ea-b39f-01168a5387c2","user","owner"
"2105","b00ab022-5e6b-4695-a6ea-2e29b98355b8","a6fb5cea-fc79-4464-a403-6acbd5579816","group","owner"
"2073","3941c995-db49-4b9a-8b50-0f1211ab4215","83d35f54-e359-4db8-8d1b-2244c8d2f00c","user","owner"
"2047","1720e859-7174-43bd-a3a0-54f3d062b1f0","22b95f63-1138-4d35-add5-50f6f3f8aa1c","user","viewer"
"2056","404089e5-d5b4-4bd2-abf8-3bbb11f56a4d","434f97ab-4b97-4443-8490-ed1052f37b29","user","owner"
"2049","6c395bbb-9e14-41ba-81f8-023cc994a068","22b95f63-1138-4d35-add5-50f6f3f8aa1c","user","owner"
"2048","ee5e9e62-53ad-46f9-b6af-cb1e6dd54663","22b95f63-1138-4d35-add5-50f6f3f8aa1c","user","owner"
"2046","ff76a800-4f50-44c7-b4e7-685c922a1166","22b95f63-1138-4d35-add5-50f6f3f8aa1c","user","owner"
"2066","ccbda558-2ef0-4205-a20d-f405f1c3fe1e","f9d1b22a-ac23-4892-b8aa-99499e5a6bd2","user","viewer"
"2089","ccbda558-2ef0-4205-a20d-f405f1c3fe1e","baf0f172-4ee5-440b-8437-39ca7071ce4f","user","viewer"
"2025","b7434cc4-b65f-465a-b6b6-ec3588e698ae","22b95f63-1138-4d35-add5-50f6f3f8aa1c","user","owner"
"2738","cf2dae8c-ab1d-444a-94e2-a376f9321f1e","aae487aa-a6b9-4d16-8d53-6d364b996e39","user","owner"
"2115","e58f7b3c-3c82-4d7d-9d07-690e5e421291","434f97ab-4b97-4443-8490-ed1052f37b29","user","owner"
"2023","c2140190-f351-4c42-ac60-ed3b1490a7c9","e5c8d844-c080-4938-99f0-3c22914cade8","user","viewer"
"2022","6939b1ef-baac-4e5a-bee1-824b976f7e4c","e5c8d844-c080-4938-99f0-3c22914cade8","user","owner"
"2020","093031ef-04ac-4165-811b-835bf27ca40e","a6fb5cea-fc79-4464-a403-6acbd5579816","group","owner"
"2018","063e590d-0f1c-47e1-b727-fab46d586ee9","f628f9ea-279d-48b1-9887-e0b37b75265b","user","owner"
"2014","21ee90fd-e8e1-458a-9531-ee0a56345c3d","22b95f63-1138-4d35-add5-50f6f3f8aa1c","user","owner"
"2012","552f2c7b-cd95-490a-a976-5790a45cdb0a","434f97ab-4b97-4443-8490-ed1052f37b29","user","owner"
"2011","4460c0ad-9978-4c5a-bc33-12124e095067","434f97ab-4b97-4443-8490-ed1052f37b29","user","owner"
"2009","694c721b-1ecf-4621-96de-85d3a08fbee0","434f97ab-4b97-4443-8490-ed1052f37b29","user","owner"
"2007","6ae11b79-aa7f-4492-a4e6-b74f8986eab2","434f97ab-4b97-4443-8490-ed1052f37b29","user","owner"
"2068","bda103b4-ee3c-4416-b429-1e49480c807f","f9d1b22a-ac23-4892-b8aa-99499e5a6bd2","user","viewer"
"2006","0a420cc5-7102-423f-928b-eedf08ce8bb7","a6fb5cea-fc79-4464-a403-6acbd5579816","group","viewer"
"2005","d1b05e9e-dad4-491c-b9c3-23b0032cb31b","434f97ab-4b97-4443-8490-ed1052f37b29","user","owner"
"2058","7631339d-79ed-460b-86c0-b965f5c16c12","e6d47b0c-1527-4bf1-bb40-f1683b7df9fd","user","owner"
"2003","01398655-528a-4b89-9b70-481b0665b2a5","434f97ab-4b97-4443-8490-ed1052f37b29","user","owner"
"2004","ba58bedc-9136-495e-99ff-06be74eceae1","22b95f63-1138-4d35-add5-50f6f3f8aa1c","user","viewer"
"2064","e71a15dc-268c-4799-a71c-5bd82bd4a13d","e6d47b0c-1527-4bf1-bb40-f1683b7df9fd","user","owner"
"2065","e71a15dc-268c-4799-a71c-5bd82bd4a13d","c6440668-15d0-4343-b3c8-18755c33df9b","user","owner"
"2010","a32b5d52-37be-48bf-a87b-dbc23844d3e1","22b95f63-1138-4d35-add5-50f6f3f8aa1c","user","owner"
"1990","d077b27c-73c8-4a97-ba2b-955b128bb40d","83d35f54-e359-4db8-8d1b-2244c8d2f00c","user","viewer"
"1991","d077b27c-73c8-4a97-ba2b-955b128bb40d","81b09132-b785-4524-958b-2c8556757199","user","owner"
"2059","d077b27c-73c8-4a97-ba2b-955b128bb40d","e6d47b0c-1527-4bf1-bb40-f1683b7df9fd","user","viewer"
"1985","3982651d-95cb-4422-b4e6-ee4b22bc170f","83d35f54-e359-4db8-8d1b-2244c8d2f00c","user","owner"
"2000","79e14aa7-fee9-466a-86f4-baa21df8af11","22b95f63-1138-4d35-add5-50f6f3f8aa1c","user","viewer"
"451","667ef859-8624-4cc4-bc46-13d2fccca1e8","f9d1b22a-ac23-4892-b8aa-99499e5a6bd2","user","viewer"
"452","667ef859-8624-4cc4-bc46-13d2fccca1e8","be02fae4-25e7-40d1-b07d-a7f9f09e18f6","user","owner"
"1954","8b1f97a2-bc2d-4968-a9a8-c5fa5e405897","8eeca1c8-9411-4f44-bfa1-1f2209b9d91f","user","viewer"
"1955","8b1f97a2-bc2d-4968-a9a8-c5fa5e405897","36943913-1ac8-464d-a61e-80b86a11d18b","user","viewer"
"1956","8b1f97a2-bc2d-4968-a9a8-c5fa5e405897","9b2318f8-1fbb-408b-90dd-b2c351b7520d","user","viewer"
"1957","8b1f97a2-bc2d-4968-a9a8-c5fa5e405897","d8664e7e-849f-4cca-aca8-7b4956124d99","user","viewer"
"1959","8b1f97a2-bc2d-4968-a9a8-c5fa5e405897","1a7a5703-74b7-49c7-897c-33f8925d9dba","user","viewer"
"1953","e9851696-d174-416e-a1df-ae9d0e81d1cb","434f97ab-4b97-4443-8490-ed1052f37b29","user","owner"
"1952","11923d67-cbb3-4166-a14c-92d7831b2032","d3eb7c68-eeac-4dd4-9d91-278ddf5c5c06","user","viewer"
"1982","76a41081-7357-4169-8129-f3535d2308db","1400d03b-a335-47ca-b75e-b48fbff52378","user","owner"
"1798","3756e60f-4868-40f7-90f1-8b37b6ec2056","4105ccc3-a2b1-4506-854a-60f22ae40443","user","owner"
"1892","3756e60f-4868-40f7-90f1-8b37b6ec2056","aad821ec-aaf5-43a0-a3b0-758cff387142","user","owner"
"1865","3756e60f-4868-40f7-90f1-8b37b6ec2056","a6fb5cea-fc79-4464-a403-6acbd5579816","group","owner"
"1980","ae6cf808-72ef-43b3-b3ab-e0f874bf97a7","434f97ab-4b97-4443-8490-ed1052f37b29","user","owner"
"2569","e7ec5c28-de90-4e5a-ae4a-26b082463c06","434f97ab-4b97-4443-8490-ed1052f37b29","user","owner"
"2570","e7ec5c28-de90-4e5a-ae4a-26b082463c06","cdb8f63a-90d3-45d8-9575-fe907a4840a9","group","viewer"
"1944","90b488be-d3dd-4a2a-ba50-8bee21e6e185","36943913-1ac8-464d-a61e-80b86a11d18b","user","owner"
"1946","90b488be-d3dd-4a2a-ba50-8bee21e6e185","1a7a5703-74b7-49c7-897c-33f8925d9dba","user","owner"
"1948","90b488be-d3dd-4a2a-ba50-8bee21e6e185","d4a97ef2-2fd7-47c5-a7a9-51470d37ba01","user","owner"
"1949","90b488be-d3dd-4a2a-ba50-8bee21e6e185","aad821ec-aaf5-43a0-a3b0-758cff387142","user","owner"
"2215","90b488be-d3dd-4a2a-ba50-8bee21e6e185","facd3756-e217-47a6-a7fc-9a8e8ece0794","user","owner"
"1943","1c151aeb-155e-4599-955b-8d2e8afc8f1a","22b95f63-1138-4d35-add5-50f6f3f8aa1c","user","owner"
"2024","2e8fb985-d61c-4d9c-8da3-a88d14c48f7f","19716f43-62db-4257-a2ca-4173c025cd8c","user","owner"
"1942","ccbe4e28-5c14-499b-8957-42b7a497e9d2","8b70df9e-a553-4568-85a3-ea3cd802588a","user","owner"
"1941","ccbe4e28-5c14-499b-8957-42b7a497e9d2","a6fb5cea-fc79-4464-a403-6acbd5579816","group","owner"
"1936","16170fe3-ee76-499c-b9e1-b78f815aa398","81b09132-b785-4524-958b-2c8556757199","user","owner"
"1937","16170fe3-ee76-499c-b9e1-b78f815aa398","34e73b97-3f92-4c57-8c02-8473643c69e9","user","owner"
"1938","57d99ba9-ffae-46e2-8695-2a7755d9dec5","81b09132-b785-4524-958b-2c8556757199","user","owner"
"1939","57d99ba9-ffae-46e2-8695-2a7755d9dec5","34e73b97-3f92-4c57-8c02-8473643c69e9","user","owner"
"1934","8ec04214-d3c2-4a4c-aa09-38116aa68e2f","22b95f63-1138-4d35-add5-50f6f3f8aa1c","user","owner"
"1609","cbae54fa-90eb-436a-8341-4e12cc0c3d68","a6fb5cea-fc79-4464-a403-6acbd5579816","group","owner"
"1929","bccfed88-62a9-4339-934c-e70cda243b3c","7ba534e3-0364-4217-a2fe-65e8f576e710","user","viewer"
"2026","f69f0ab0-2754-47a9-8710-603b984de40a","434f97ab-4b97-4443-8490-ed1052f37b29","user","owner"
"1968","f69f0ab0-2754-47a9-8710-603b984de40a","a6fb5cea-fc79-4464-a403-6acbd5579816","group","viewer"
"1431","e4de19ee-5024-4abf-8a28-b309c652285a","22b95f63-1138-4d35-add5-50f6f3f8aa1c","user","owner"
"1790","e4de19ee-5024-4abf-8a28-b309c652285a","45e3baa7-7ef4-4a21-9a0c-764da6bbc136","user","owner"
"1975","292136a1-1a32-468f-a6d9-ae333f12b2a9","22b95f63-1138-4d35-add5-50f6f3f8aa1c","user","owner"
"1897","3ca960b7-4abc-4ba5-9b58-bbcedcaf8232","8eeca1c8-9411-4f44-bfa1-1f2209b9d91f","user","owner"
"1898","3ca960b7-4abc-4ba5-9b58-bbcedcaf8232","1a7a5703-74b7-49c7-897c-33f8925d9dba","user","owner"
"1923","943cf08a-af10-4a1c-8a95-6d9d9e9b5bc4","83d35f54-e359-4db8-8d1b-2244c8d2f00c","user","owner"
"1886","1639a529-b15c-473a-871d-78ae5b807239","22b95f63-1138-4d35-add5-50f6f3f8aa1c","user","owner"
"1887","1639a529-b15c-473a-871d-78ae5b807239","4105ccc3-a2b1-4506-854a-60f22ae40443","user","viewer"
"1873","be9c50b2-0db7-461b-8605-6f3a142f8f6d","22b95f63-1138-4d35-add5-50f6f3f8aa1c","user","owner"
"1874","be9c50b2-0db7-461b-8605-6f3a142f8f6d","434f97ab-4b97-4443-8490-ed1052f37b29","user","owner"
"1872","7ec13fc5-6043-4501-8578-0959e1e7a3b0","22b95f63-1138-4d35-add5-50f6f3f8aa1c","user","owner"
"1862","0b125c59-6a8a-446f-a4f3-9d24295f2733","45e3baa7-7ef4-4a21-9a0c-764da6bbc136","user","viewer"
"1863","0b125c59-6a8a-446f-a4f3-9d24295f2733","36943913-1ac8-464d-a61e-80b86a11d18b","user","viewer"
"1858","c546cd10-3f52-47d7-a7c3-38b69cc64cde","f4b4c220-8c20-4482-8485-f31748a03e87","user","owner"
"1859","c546cd10-3f52-47d7-a7c3-38b69cc64cde","aad821ec-aaf5-43a0-a3b0-758cff387142","user","owner"
"1860","c546cd10-3f52-47d7-a7c3-38b69cc64cde","8eeca1c8-9411-4f44-bfa1-1f2209b9d91f","user","owner"
"1861","c546cd10-3f52-47d7-a7c3-38b69cc64cde","1a7a5703-74b7-49c7-897c-33f8925d9dba","user","owner"
"1875","1c87b7fd-47b2-4793-b79e-d23ad115685a","be02fae4-25e7-40d1-b07d-a7f9f09e18f6","user","owner"
"1876","1c87b7fd-47b2-4793-b79e-d23ad115685a","4105ccc3-a2b1-4506-854a-60f22ae40443","user","owner"
"1851","f60cd6ac-5d79-49c9-8923-b550c9a0edfe","9b2318f8-1fbb-408b-90dd-b2c351b7520d","user","viewer"
"1852","f60cd6ac-5d79-49c9-8923-b550c9a0edfe","d3eb7c68-eeac-4dd4-9d91-278ddf5c5c06","user","viewer"
"1853","f60cd6ac-5d79-49c9-8923-b550c9a0edfe","8eeca1c8-9411-4f44-bfa1-1f2209b9d91f","user","viewer"
"1850","e88d400a-30ec-4d0b-bd1e-fa5308e02f5f","434f97ab-4b97-4443-8490-ed1052f37b29","user","owner"
"1867","dc134a52-3940-4d75-bdf4-bf8ecd80731a","be02fae4-25e7-40d1-b07d-a7f9f09e18f6","user","owner"
"1868","dc134a52-3940-4d75-bdf4-bf8ecd80731a","f9d1b22a-ac23-4892-b8aa-99499e5a6bd2","user","viewer"
"1838","dc134a52-3940-4d75-bdf4-bf8ecd80731a","a6fb5cea-fc79-4464-a403-6acbd5579816","group","owner"
"1866","ed12f5fa-6e3b-4097-9032-e64c75bf8ccb","be02fae4-25e7-40d1-b07d-a7f9f09e18f6","user","owner"
"1833","5606c885-9228-4012-a02a-e75177d8e645","1a7a5703-74b7-49c7-897c-33f8925d9dba","user","owner"
"1832","3d5d0fb1-c00b-416e-b1cd-a7e2f70cbfee","1a7a5703-74b7-49c7-897c-33f8925d9dba","user","owner"
"1831","6d5a2481-0b8d-4fcf-af10-de8cabbdeece","be02fae4-25e7-40d1-b07d-a7f9f09e18f6","user","owner"
"1827","596dcd5f-4216-4651-8604-4311c03e2458","9b2318f8-1fbb-408b-90dd-b2c351b7520d","user","owner"
"1826","596dcd5f-4216-4651-8604-4311c03e2458","a6fb5cea-fc79-4464-a403-6acbd5579816","group","owner"
"1828","9d58949a-c806-4d0c-9d82-dcae989cf0c0","f7e346b4-eec3-43ea-b39f-01168a5387c2","user","viewer"
"1811","08ac96d1-d2fc-4c3a-bc41-9300a561cf36","9b2318f8-1fbb-408b-90dd-b2c351b7520d","user","viewer"
"1789","d2983c2c-b4b6-48dc-a8d9-d5b8c4d1f490","a6fb5cea-fc79-4464-a403-6acbd5579816","group","owner"
"1773","17a8fdcf-04b2-4c8d-bc6e-7fec7d87c05d","434f97ab-4b97-4443-8490-ed1052f37b29","user","owner"
"1769","4b2d7a67-d5ee-431a-a30e-7e060f64161f","434f97ab-4b97-4443-8490-ed1052f37b29","user","owner"
"1781","4b2d7a67-d5ee-431a-a30e-7e060f64161f","4105ccc3-a2b1-4506-854a-60f22ae40443","user","viewer"
"2041","4b2d7a67-d5ee-431a-a30e-7e060f64161f","e5c8d844-c080-4938-99f0-3c22914cade8","user","owner"
"1857","10ee9541-8f94-4ed8-ae93-cec695e45748","aad821ec-aaf5-43a0-a3b0-758cff387142","user","owner"
"1768","1e65fe35-e18c-4c52-ace8-5642444eca4d","434f97ab-4b97-4443-8490-ed1052f37b29","user","owner"
"1766","9a524220-2b71-4755-97b7-e7c8da564eb4","22b95f63-1138-4d35-add5-50f6f3f8aa1c","user","owner"
"1767","9a524220-2b71-4755-97b7-e7c8da564eb4","19716f43-62db-4257-a2ca-4173c025cd8c","user","owner"
"1765","43b7e42d-3dbc-4df3-9d16-5f55491108b1","8eeca1c8-9411-4f44-bfa1-1f2209b9d91f","user","owner"
"1753","08dc6c19-d00b-48ee-982c-d61d87254afc","4105ccc3-a2b1-4506-854a-60f22ae40443","user","owner"
"1754","c04cb438-04bd-4b6d-abf0-0deb3ffa84a7","3580dcdd-fbf9-4666-b677-ac1b779b3b27","user","owner"
"1744","73b9e677-2726-41f5-a1d1-151cd3e6924e","1a7a5703-74b7-49c7-897c-33f8925d9dba","user","owner"
"1763","44369bb5-c1ba-41b6-a1a4-40886d0a69cb","be02fae4-25e7-40d1-b07d-a7f9f09e18f6","user","owner"
"1741","886e9190-823b-4c00-9c90-c2150c3438f1","434f97ab-4b97-4443-8490-ed1052f37b29","user","owner"
"1560","bea8291c-ac4f-4ae6-baa1-0792226a0033","be02fae4-25e7-40d1-b07d-a7f9f09e18f6","user","owner"
"1739","cc803a10-1f9a-473f-b7c4-c1f1769e384f","434f97ab-4b97-4443-8490-ed1052f37b29","user","owner"
"1743","cc803a10-1f9a-473f-b7c4-c1f1769e384f","1a7a5703-74b7-49c7-897c-33f8925d9dba","user","owner"
"1737","e02cabd6-3fa9-4201-b2c6-f6e4a7fb1b38","434f97ab-4b97-4443-8490-ed1052f37b29","user","owner"
"1840","bcdf1746-ba08-41ba-b14d-9a77ff133b46","a6fb5cea-fc79-4464-a403-6acbd5579816","group","owner"
"1736","c62c7c04-022f-44f7-a495-4d8accc8c116","434f97ab-4b97-4443-8490-ed1052f37b29","user","owner"
"1735","caae6a2c-5007-4fd3-bf38-48e6b8a24686","1a7a5703-74b7-49c7-897c-33f8925d9dba","user","owner"
"1734","ffadd06e-841e-44ac-a41b-040258325175","1a7a5703-74b7-49c7-897c-33f8925d9dba","user","owner"
"1745","ffadd06e-841e-44ac-a41b-040258325175","81b09132-b785-4524-958b-2c8556757199","user","owner"
"1877","02b13bcd-70c1-4ee5-8e6a-cc5de0968098","be02fae4-25e7-40d1-b07d-a7f9f09e18f6","user","owner"
"1733","9410b186-7cd8-46a9-a6f6-a6788bf9aa4c","22b95f63-1138-4d35-add5-50f6f3f8aa1c","user","owner"
"1732","3bc6642f-c3ec-42c6-b2af-9ba0a0a47e1e","22b95f63-1138-4d35-add5-50f6f3f8aa1c","user","owner"
"1806","3bc6642f-c3ec-42c6-b2af-9ba0a0a47e1e","3580dcdd-fbf9-4666-b677-ac1b779b3b27","user","owner"
"1807","3bc6642f-c3ec-42c6-b2af-9ba0a0a47e1e","4105ccc3-a2b1-4506-854a-60f22ae40443","user","owner"
"1719","ec0c03f8-4892-4dd7-bd53-558186475018","a6fb5cea-fc79-4464-a403-6acbd5579816","group","viewer"
"1666","cd682ffa-aa82-477e-a72d-6e0c88bf3680","aad821ec-aaf5-43a0-a3b0-758cff387142","user","owner"
"1667","cd682ffa-aa82-477e-a72d-6e0c88bf3680","45e3baa7-7ef4-4a21-9a0c-764da6bbc136","user","owner"
"1668","cd682ffa-aa82-477e-a72d-6e0c88bf3680","81b09132-b785-4524-958b-2c8556757199","user","owner"
"2416","4a9a95ab-6e24-4d71-adbb-e41c9ccfc618","434f97ab-4b97-4443-8490-ed1052f37b29","user","owner"
"2417","4a9a95ab-6e24-4d71-adbb-e41c9ccfc618","81b09132-b785-4524-958b-2c8556757199","user","owner"
"4","d1aa6034-e6d8-4e5e-befa-d739029cc39f","3580dcdd-fbf9-4666-b677-ac1b779b3b27","user","owner"
"1629","397dab0f-8255-4064-9092-a6ea088df095","be02fae4-25e7-40d1-b07d-a7f9f09e18f6","user","viewer"
"1839","1ad9c74f-1a96-4387-93fd-7df54ea1eab1","434f97ab-4b97-4443-8490-ed1052f37b29","user","owner"
"1703","63a1b301-f17a-4c14-bce7-8e417d0e6d23","4105ccc3-a2b1-4506-854a-60f22ae40443","user","viewer"
"2462","63a1b301-f17a-4c14-bce7-8e417d0e6d23","434f97ab-4b97-4443-8490-ed1052f37b29","user","owner"
"1731","77e8f8c5-06ed-4bb7-9b04-7c3ed92fea52","4105ccc3-a2b1-4506-854a-60f22ae40443","user","viewer"
"1684","4df4c439-534a-4dc1-bd89-d8443cda5149","a6fb5cea-fc79-4464-a403-6acbd5579816","group","owner"
"1883","b23d610a-3a2f-4a0d-ba42-3ed3e727793c","be02fae4-25e7-40d1-b07d-a7f9f09e18f6","user","owner"
"1689","db92bf6e-d092-4028-b062-b29b3c587f27","aad821ec-aaf5-43a0-a3b0-758cff387142","user","owner"
"1485","6b36b423-72b0-431d-830e-cb179ec9ba28","be02fae4-25e7-40d1-b07d-a7f9f09e18f6","user","viewer"
"1717","38099693-4183-42fb-b2af-82b96f505d57","434f97ab-4b97-4443-8490-ed1052f37b29","user","owner"
"1704","996cba20-0248-4ecb-9ec4-3513d9a634e4","4105ccc3-a2b1-4506-854a-60f22ae40443","user","viewer"
"2247","f966bd0c-bb10-46b0-862d-563cea500122","434f97ab-4b97-4443-8490-ed1052f37b29","user","owner"
"1691","d235306c-7155-4aa3-aac0-a6b587debf3e","f9d1b22a-ac23-4892-b8aa-99499e5a6bd2","user","viewer"
"1692","d235306c-7155-4aa3-aac0-a6b587debf3e","be02fae4-25e7-40d1-b07d-a7f9f09e18f6","user","owner"
"1682","a05676bc-3444-473b-9798-2540f2febd18","81b09132-b785-4524-958b-2c8556757199","user","owner"
"1697","ddc72f52-c3d8-4f06-af45-20825d409bb1","434f97ab-4b97-4443-8490-ed1052f37b29","user","owner"
"1676","818065e4-4d62-458f-a5cf-58851b049d75","a6fb5cea-fc79-4464-a403-6acbd5579816","group","owner"
"1675","99bae870-f48b-433a-b364-2b55cf4b0e60","a6fb5cea-fc79-4464-a403-6acbd5579816","group","owner"
"1677","6ee58d0f-72c7-4cb1-9c00-982c5b4ee2fd","a6fb5cea-fc79-4464-a403-6acbd5579816","group","owner"
"1597","2b1d56e9-792c-4697-b695-725ebd81150a","434f97ab-4b97-4443-8490-ed1052f37b29","user","owner"
"1603","2b1d56e9-792c-4697-b695-725ebd81150a","45e3baa7-7ef4-4a21-9a0c-764da6bbc136","user","owner"
"1674","2b1d56e9-792c-4697-b695-725ebd81150a","f4b4c220-8c20-4482-8485-f31748a03e87","user","owner"
"1690","e0c5bfba-8e58-4a46-8a56-57b8f0d4654a","434f97ab-4b97-4443-8490-ed1052f37b29","user","owner"
"1663","1e6f1083-3541-44e3-9467-e4c0d1e62a5a","a6fb5cea-fc79-4464-a403-6acbd5579816","group","owner"
"1651","bf7ad642-edd7-4be8-8bf1-75761c4a5dad","a6fb5cea-fc79-4464-a403-6acbd5579816","group","owner"
"1653","3bed9e07-b793-43ea-839a-37e41b5c0901","be02fae4-25e7-40d1-b07d-a7f9f09e18f6","user","viewer"
"1694","3bed9e07-b793-43ea-839a-37e41b5c0901","f9d1b22a-ac23-4892-b8aa-99499e5a6bd2","user","viewer"
"1657","26ad683d-a87a-4046-b095-4280103ed0bd","be02fae4-25e7-40d1-b07d-a7f9f09e18f6","user","viewer"
"1656","b746c6c4-9098-4f16-aff8-5c79be25adb4","be02fae4-25e7-40d1-b07d-a7f9f09e18f6","user","owner"
"1643","1d79c2c7-c649-40be-a0b5-3be1597d62cb","e5c8d844-c080-4938-99f0-3c22914cade8","user","owner"
"1644","1d79c2c7-c649-40be-a0b5-3be1597d62cb","81b09132-b785-4524-958b-2c8556757199","user","viewer"
"1649","3ae3ad85-226b-4c63-acbb-3ef60006ce79","be02fae4-25e7-40d1-b07d-a7f9f09e18f6","user","owner"
"1669","178bdb53-de72-430c-83fb-8493864e366e","45e3baa7-7ef4-4a21-9a0c-764da6bbc136","user","owner"
"2568","178bdb53-de72-430c-83fb-8493864e366e","434f97ab-4b97-4443-8490-ed1052f37b29","user","owner"
"1648","900ea590-7107-4279-b25f-53ab1a0b640b","be02fae4-25e7-40d1-b07d-a7f9f09e18f6","user","owner"
"1638","3b570685-b643-473a-a72a-ab3981972136","434f97ab-4b97-4443-8490-ed1052f37b29","user","owner"
"1639","3b570685-b643-473a-a72a-ab3981972136","3580dcdd-fbf9-4666-b677-ac1b779b3b27","user","owner"
"1606","4f104585-2388-4731-87b1-c1ef55949fcd","be02fae4-25e7-40d1-b07d-a7f9f09e18f6","user","owner"
"1693","4f104585-2388-4731-87b1-c1ef55949fcd","f9d1b22a-ac23-4892-b8aa-99499e5a6bd2","user","viewer"
"2480","dc854a78-9537-4e80-aeba-24d2e8d8d2aa","434f97ab-4b97-4443-8490-ed1052f37b29","user","owner"
"2549","dc854a78-9537-4e80-aeba-24d2e8d8d2aa","3be5e66d-b767-4912-89be-fb958467111e","user","owner"
"2711","9e171f98-0aca-415d-a191-d9c743f5062d","e5c8d844-c080-4938-99f0-3c22914cade8","user","owner"
"1625","eec25b1a-f73c-4be4-bb3e-08fc71915963","22b95f63-1138-4d35-add5-50f6f3f8aa1c","user","owner"
"1683","eec25b1a-f73c-4be4-bb3e-08fc71915963","81b09132-b785-4524-958b-2c8556757199","user","owner"
"2158","0984ec15-a614-4fd6-af5d-e424d8614250","434f97ab-4b97-4443-8490-ed1052f37b29","user","owner"
"1626","25dde695-1844-4ed9-9e22-90646e3ac20f","434f97ab-4b97-4443-8490-ed1052f37b29","user","owner"
"1672","25dde695-1844-4ed9-9e22-90646e3ac20f","4105ccc3-a2b1-4506-854a-60f22ae40443","user","viewer"
"1636","dccf876c-5261-49d9-a9cf-e750c6748338","f4b4c220-8c20-4482-8485-f31748a03e87","user","owner"
"1613","a34b8b1a-de8d-4bc2-8bf8-cb32b64ad474","f7e346b4-eec3-43ea-b39f-01168a5387c2","user","owner"
"1324","7896c17d-1e60-4dfd-bd05-4396efcb1784","9b2318f8-1fbb-408b-90dd-b2c351b7520d","user","viewer"
"1617","f4864a10-68d9-4b6f-8bca-d9cf069a9629","be02fae4-25e7-40d1-b07d-a7f9f09e18f6","user","owner"
"1624","f4864a10-68d9-4b6f-8bca-d9cf069a9629","c7983e70-9dda-4960-999f-8723238a59ad","user","viewer"
"1589","a29d2c14-00f2-4427-b4ab-449b06085613","45e3baa7-7ef4-4a21-9a0c-764da6bbc136","user","owner"
"1576","c85cdb7a-7e58-4ecf-8e5e-7073d957a132","4105ccc3-a2b1-4506-854a-60f22ae40443","user","viewer"
"1550","fcad1958-0f91-45b3-a547-7e704678a12f","a6fb5cea-fc79-4464-a403-6acbd5579816","group","owner"
"1856","fc203bda-0b56-4ec7-be9a-eab70b7e0a53","4105ccc3-a2b1-4506-854a-60f22ae40443","user","owner"
"1598","41ca6b81-01d5-45f1-a5ca-40582d011fa7","434f97ab-4b97-4443-8490-ed1052f37b29","user","owner"
"1553","2c62fa0f-2582-4f73-8f5a-fea0db594630","e67ba160-936b-4430-94bc-b3b24c4479a3","user","owner"
"1552","581b28c1-129a-4c57-8c71-b60ea35b1d34","e67ba160-936b-4430-94bc-b3b24c4479a3","user","owner"
"2403","2c67c0c5-3d8b-44c7-a4b3-a8078758e6a2","22b95f63-1138-4d35-add5-50f6f3f8aa1c","user","owner"
"1555","be1f3b90-8559-4df2-bd7b-ccc4b0ac01ca","4105ccc3-a2b1-4506-854a-60f22ae40443","user","viewer"
"1309","ecc5cc12-9030-4278-929a-ea2aad3b3802","434f97ab-4b97-4443-8490-ed1052f37b29","user","owner"
"1318","ecc5cc12-9030-4278-929a-ea2aad3b3802","36943913-1ac8-464d-a61e-80b86a11d18b","user","viewer"
"1536","22de1729-f849-4708-9748-90d22de74433","434f97ab-4b97-4443-8490-ed1052f37b29","user","owner"
"1571","e846afbc-21c4-4511-b548-b07925435663","be02fae4-25e7-40d1-b07d-a7f9f09e18f6","user","owner"
"1633","e846afbc-21c4-4511-b548-b07925435663","45e3baa7-7ef4-4a21-9a0c-764da6bbc136","user","owner"
"1505","b40385ac-0a78-4e49-be60-101cd0b23d8c","18b7dc3b-93ee-4668-b6de-22b5de9b96e4","user","viewer"
"2614","ceb9f560-a167-442c-b4ff-fd544fba666b","434f97ab-4b97-4443-8490-ed1052f37b29","user","viewer"
"1504","86845a48-24d4-4645-b6a6-dae078c9d0a5","1a7a5703-74b7-49c7-897c-33f8925d9dba","user","viewer"
"1611","86845a48-24d4-4645-b6a6-dae078c9d0a5","18b7dc3b-93ee-4668-b6de-22b5de9b96e4","user","owner"
"1616","86845a48-24d4-4645-b6a6-dae078c9d0a5","c7983e70-9dda-4960-999f-8723238a59ad","user","viewer"
"1688","86845a48-24d4-4645-b6a6-dae078c9d0a5","3580dcdd-fbf9-4666-b677-ac1b779b3b27","user","viewer"
"1411","31fbef87-2752-4a4b-ba68-0820973b21d8","be02fae4-25e7-40d1-b07d-a7f9f09e18f6","user","owner"
"1469","452320f3-cd2e-4a40-9ae3-f13bd7bc1642","3580dcdd-fbf9-4666-b677-ac1b779b3b27","user","owner"
"1535","4edc5639-1964-4707-b727-e0d9a38dbb1a","3580dcdd-fbf9-4666-b677-ac1b779b3b27","user","owner"
"1443","b73278d0-0da1-4285-92d4-4a36ad4ead76","be02fae4-25e7-40d1-b07d-a7f9f09e18f6","user","owner"
"1445","b73278d0-0da1-4285-92d4-4a36ad4ead76","c7983e70-9dda-4960-999f-8723238a59ad","user","viewer"
"1531","c9cb87d8-e6df-4ef2-be56-8877bec6aba4","8eeca1c8-9411-4f44-bfa1-1f2209b9d91f","user","owner"
"1532","c9cb87d8-e6df-4ef2-be56-8877bec6aba4","45e3baa7-7ef4-4a21-9a0c-764da6bbc136","user","owner"
"1363","a5e8cc18-947f-405a-b091-1b8704d4eaff","22b95f63-1138-4d35-add5-50f6f3f8aa1c","user","owner"
"1406","81dd68a4-eac5-4834-b848-95d38e074ef4","4105ccc3-a2b1-4506-854a-60f22ae40443","user","owner"
"1408","81dd68a4-eac5-4834-b848-95d38e074ef4","18b7dc3b-93ee-4668-b6de-22b5de9b96e4","user","owner"
"1409","81dd68a4-eac5-4834-b848-95d38e074ef4","be02fae4-25e7-40d1-b07d-a7f9f09e18f6","user","owner"
"1410","81dd68a4-eac5-4834-b848-95d38e074ef4","f4b4c220-8c20-4482-8485-f31748a03e87","user","owner"
"1337","23c8045d-8cf0-4fbe-af8e-f22af976c550","2488b9a5-fa59-4e8c-8e65-c6e75f0cdd81","user","viewer"
"1338","23c8045d-8cf0-4fbe-af8e-f22af976c550","218b5be1-84cc-491a-a97b-6bc73cae74d9","user","viewer"
"1339","23c8045d-8cf0-4fbe-af8e-f22af976c550","321a166d-6546-4565-b587-ae7c16364e93","user","viewer"
"1335","91c72a38-6409-4c1d-9c28-d190d3fd3d4a","9b2318f8-1fbb-408b-90dd-b2c351b7520d","user","viewer"
"1336","91c72a38-6409-4c1d-9c28-d190d3fd3d4a","f7e346b4-eec3-43ea-b39f-01168a5387c2","user","viewer"
"1380","eeca36d2-971c-46a4-b6b2-052c9f2bbae0","9b2318f8-1fbb-408b-90dd-b2c351b7520d","user","viewer"
"1379","2abaa4d1-0f69-4a99-aa42-75f181c3f44a","9b2318f8-1fbb-408b-90dd-b2c351b7520d","user","viewer"
"1306","d49e12e2-3992-41a9-816b-a23fd1b5a5fa","9b2318f8-1fbb-408b-90dd-b2c351b7520d","user","viewer"
"1414","eb00ea9c-69a1-41dd-81ac-7ac339badffb","434f97ab-4b97-4443-8490-ed1052f37b29","user","owner"
"1415","57140f9d-f457-4eaa-8eb6-99c888c29a8a","434f97ab-4b97-4443-8490-ed1052f37b29","user","owner"
"1416","57140f9d-f457-4eaa-8eb6-99c888c29a8a","3580dcdd-fbf9-4666-b677-ac1b779b3b27","user","viewer"
"1341","66be5773-7670-492b-a9f3-b2d755dc728b","f4b4c220-8c20-4482-8485-f31748a03e87","user","owner"
"2589","7dc8564d-12eb-4565-b5ee-6500e7f5a364","434f97ab-4b97-4443-8490-ed1052f37b29","user","viewer"
"1322","3061840b-3ff7-4df7-bda5-f77daf8adee8","2488b9a5-fa59-4e8c-8e65-c6e75f0cdd81","user","owner"
"1307","86728536-8fb6-498a-a948-1ae968379525","2488b9a5-fa59-4e8c-8e65-c6e75f0cdd81","user","owner"
"1314","ff295adc-f1b6-45f2-a59a-7f5a68ae7171","22b95f63-1138-4d35-add5-50f6f3f8aa1c","user","viewer"
"1645","de7b9e7c-4d80-48e7-a8d6-db0384d54a92","22b95f63-1138-4d35-add5-50f6f3f8aa1c","user","viewer"
"1328","5198ed05-31dc-4211-b2dc-f91be9e12126","4105ccc3-a2b1-4506-854a-60f22ae40443","user","owner"
"1298","2659ac13-bb7d-4898-b87b-f63d6ed6af3d","4105ccc3-a2b1-4506-854a-60f22ae40443","user","viewer"
"1299","ebd268aa-9b30-49c4-8915-63b3ed412832","3580dcdd-fbf9-4666-b677-ac1b779b3b27","user","viewer"
"1271","5aff7259-ee7f-4d92-8d6f-2fd61a51561d","f7e346b4-eec3-43ea-b39f-01168a5387c2","user","viewer"
"1274","b23dd242-8f8f-4080-a024-809996c59696","3580dcdd-fbf9-4666-b677-ac1b779b3b27","user","owner"
"1134","ebd9201a-4c0e-4ef3-ae13-9312c4a9cdb4","3580dcdd-fbf9-4666-b677-ac1b779b3b27","user","viewer"
"1926","a07945f4-1464-468d-866e-905484d245d4","83d35f54-e359-4db8-8d1b-2244c8d2f00c","user","owner"
"1082","b4740fee-2dd1-498f-9970-b7c5cd881f40","4105ccc3-a2b1-4506-854a-60f22ae40443","user","viewer"
"1061","bc48f3d0-9408-414a-a134-6d4f06576455","3580dcdd-fbf9-4666-b677-ac1b779b3b27","user","viewer"
"2405","35a98ed1-5fbc-4d3f-9d1d-327bcb645bf2","434f97ab-4b97-4443-8490-ed1052f37b29","user","owner"
"2407","35a98ed1-5fbc-4d3f-9d1d-327bcb645bf2","22b95f63-1138-4d35-add5-50f6f3f8aa1c","user","viewer"
"1020","3a76530b-f4e7-4b12-9b8e-09c3f0776ebc","434f97ab-4b97-4443-8490-ed1052f37b29","user","owner"
"1009","d23ce59a-0b3c-4387-a3eb-7fa230ad773d","774048ad-1d1f-4abf-aa41-726ab66be6a6","user","viewer"
"1272","d23ce59a-0b3c-4387-a3eb-7fa230ad773d","22b95f63-1138-4d35-add5-50f6f3f8aa1c","user","viewer"
"1620","fed33318-8493-4a3e-aae3-857a1cf684ff","4105ccc3-a2b1-4506-854a-60f22ae40443","user","viewer"
"1864","d67dce02-0dd6-4109-b1de-391578bced29","434f97ab-4b97-4443-8490-ed1052f37b29","user","owner"
"981","2f1138cb-b944-472e-b7d0-f16641e56dd5","434f97ab-4b97-4443-8490-ed1052f37b29","user","viewer"
"982","2f1138cb-b944-472e-b7d0-f16641e56dd5","4105ccc3-a2b1-4506-854a-60f22ae40443","user","viewer"
"983","1edf496b-6719-4373-93b3-773c3888b8eb","4105ccc3-a2b1-4506-854a-60f22ae40443","user","viewer"
"997","1edf496b-6719-4373-93b3-773c3888b8eb","f9d1b22a-ac23-4892-b8aa-99499e5a6bd2","user","viewer"
"998","1edf496b-6719-4373-93b3-773c3888b8eb","3580dcdd-fbf9-4666-b677-ac1b779b3b27","user","owner"
"978","9da8ef08-a21a-4258-92a5-92259ba96c98","4105ccc3-a2b1-4506-854a-60f22ae40443","user","viewer"
"979","9da8ef08-a21a-4258-92a5-92259ba96c98","434f97ab-4b97-4443-8490-ed1052f37b29","user","viewer"
"971","2284d83b-e45d-41d2-a1f0-7c743878b613","22b95f63-1138-4d35-add5-50f6f3f8aa1c","user","viewer"
"1088","5ca989b5-05ac-46cf-864d-a71702d616cb","434f97ab-4b97-4443-8490-ed1052f37b29","user","viewer"
"967","1806b1df-1db9-46e3-8634-8a5c4143d03b","434f97ab-4b97-4443-8490-ed1052f37b29","user","owner"
"968","1806b1df-1db9-46e3-8634-8a5c4143d03b","4105ccc3-a2b1-4506-854a-60f22ae40443","user","viewer"
"959","0f821e21-152a-4f11-bf40-eff76471f9cf","4105ccc3-a2b1-4506-854a-60f22ae40443","user","viewer"
"960","0f821e21-152a-4f11-bf40-eff76471f9cf","434f97ab-4b97-4443-8490-ed1052f37b29","user","viewer"
"948","1266c66d-6ea7-4e21-8ebe-60c282cf0ad0","4105ccc3-a2b1-4506-854a-60f22ae40443","user","viewer"
"958","a45b6606-0af0-4d15-8de4-be49d0c3a4dc","4105ccc3-a2b1-4506-854a-60f22ae40443","user","viewer"
"945","ca3b3984-9ecd-4152-a11e-b3ca2ffa0793","434f97ab-4b97-4443-8490-ed1052f37b29","user","viewer"
"940","da5fb752-59b1-4cad-aca9-735e345a3211","434f97ab-4b97-4443-8490-ed1052f37b29","user","viewer"
"854","c14bb730-ebbf-43ec-b36c-fee49966dff4","321a166d-6546-4565-b587-ae7c16364e93","user","viewer"
"855","c14bb730-ebbf-43ec-b36c-fee49966dff4","2488b9a5-fa59-4e8c-8e65-c6e75f0cdd81","user","viewer"
"856","c14bb730-ebbf-43ec-b36c-fee49966dff4","218b5be1-84cc-491a-a97b-6bc73cae74d9","user","viewer"
"924","c4b331ca-4394-4d33-ad86-34f1d33ef2ea","22b95f63-1138-4d35-add5-50f6f3f8aa1c","user","viewer"
"925","d4efdbae-8e22-460e-864d-e8e814c9889b","22b95f63-1138-4d35-add5-50f6f3f8aa1c","user","viewer"
"853","c03632c0-64d7-4335-a316-a4101d366029","22b95f63-1138-4d35-add5-50f6f3f8aa1c","user","viewer"
"860","102d9c83-c29f-4362-9341-b8caa9cf7694","434f97ab-4b97-4443-8490-ed1052f37b29","user","owner"
"894","968ddd76-d77b-4860-8851-02c8e7cd4946","f4b4c220-8c20-4482-8485-f31748a03e87","user","viewer"
"822","a93d1e5a-df48-4f3e-bf7b-86fe7c093309","434f97ab-4b97-4443-8490-ed1052f37b29","user","owner"
"897","81a21650-7682-46bb-863c-fa7666c95c99","434f97ab-4b97-4443-8490-ed1052f37b29","user","viewer"
"681","31869afb-87c9-4320-a38f-17ac8c0a8e30","22b95f63-1138-4d35-add5-50f6f3f8aa1c","user","owner"
"774","3bd8777d-a48c-40fa-807a-dffecb491a4e","3580dcdd-fbf9-4666-b677-ac1b779b3b27","user","viewer"
"689","f8736b78-51fa-4c37-9cf1-1216643dd63b","3580dcdd-fbf9-4666-b677-ac1b779b3b27","user","viewer"
"759","f8736b78-51fa-4c37-9cf1-1216643dd63b","434f97ab-4b97-4443-8490-ed1052f37b29","user","viewer"
"715","3ddc19c9-9f43-4bb8-ab56-0b08c17be1a6","3580dcdd-fbf9-4666-b677-ac1b779b3b27","user","viewer"
"907","27551497-f6d2-43ac-a3ba-252788195b7c","22b95f63-1138-4d35-add5-50f6f3f8aa1c","user","viewer"
"848","e221df38-a896-4526-a521-56b211f653f1","22b95f63-1138-4d35-add5-50f6f3f8aa1c","user","owner"
"913","3409f7a7-a451-4852-a820-4f423ea1ce7f","22b95f63-1138-4d35-add5-50f6f3f8aa1c","user","viewer"
"909","9f3ce642-6ace-4591-b52b-f5f6e4fed7d8","22b95f63-1138-4d35-add5-50f6f3f8aa1c","user","viewer"
"646","fd694388-d759-4a12-9aa9-1ae9b9641310","22b95f63-1138-4d35-add5-50f6f3f8aa1c","user","owner"
"899","fd694388-d759-4a12-9aa9-1ae9b9641310","434f97ab-4b97-4443-8490-ed1052f37b29","user","viewer"
"630","89370d8a-7c86-40ff-80cf-d95b8e9b4028","434f97ab-4b97-4443-8490-ed1052f37b29","user","viewer"
"631","89370d8a-7c86-40ff-80cf-d95b8e9b4028","22b95f63-1138-4d35-add5-50f6f3f8aa1c","user","viewer"
"619","7ea50ac5-a0ce-4a30-aa00-731879ec0b89","4105ccc3-a2b1-4506-854a-60f22ae40443","user","viewer"
"609","3754dc41-926a-4c9a-9c7c-3f05f00eed54","434f97ab-4b97-4443-8490-ed1052f37b29","user","viewer"
"604","c0ebd5ea-1712-4077-9074-55a915d316ff","434f97ab-4b97-4443-8490-ed1052f37b29","user","owner"
"600","49a83575-feef-433c-834f-0b0e4e2a1a69","4105ccc3-a2b1-4506-854a-60f22ae40443","user","viewer"
"601","49a83575-feef-433c-834f-0b0e4e2a1a69","434f97ab-4b97-4443-8490-ed1052f37b29","user","owner"
"599","d037b044-53c1-4c87-bc54-0543ae1fd042","22b95f63-1138-4d35-add5-50f6f3f8aa1c","user","viewer"
"596","9e2351e6-5694-4d5f-adb2-8c36b3bd369e","22b95f63-1138-4d35-add5-50f6f3f8aa1c","user","owner"
"597","9e2351e6-5694-4d5f-adb2-8c36b3bd369e","1a7a5703-74b7-49c7-897c-33f8925d9dba","user","viewer"
"571","b9aaddbe-ae89-4986-a9ee-1936082d657b","434f97ab-4b97-4443-8490-ed1052f37b29","user","owner"
"617","19b07ef1-a8bc-4096-903f-46ea881e8172","4105ccc3-a2b1-4506-854a-60f22ae40443","user","viewer"
"2590","19b07ef1-a8bc-4096-903f-46ea881e8172","ce4a2614-46f0-4857-a853-f2e06ff9cd41","user","owner"
"592","2da2e099-16c3-4457-94b4-20699121d416","434f97ab-4b97-4443-8490-ed1052f37b29","user","owner"
"595","2da2e099-16c3-4457-94b4-20699121d416","1a7a5703-74b7-49c7-897c-33f8925d9dba","user","viewer"
"618","ffcd135e-fdde-4464-844a-6a1e29a74edd","4105ccc3-a2b1-4506-854a-60f22ae40443","user","viewer"
"583","1c3d94bf-9ca9-42de-8256-d84753a7377f","434f97ab-4b97-4443-8490-ed1052f37b29","user","owner"
"569","5d1ccf2d-b27f-4892-98bf-ea5fd199ac76","81b09132-b785-4524-958b-2c8556757199","user","viewer"
"615","21d6511b-33ff-4701-9779-b089f2ca30fa","434f97ab-4b97-4443-8490-ed1052f37b29","user","owner"
"598","e37ef37c-116c-49b9-b97d-ceca0f0f4ba5","1a7a5703-74b7-49c7-897c-33f8925d9dba","user","viewer"
"935","e4a021b6-32c6-4415-94ad-a7d7405b427f","434f97ab-4b97-4443-8490-ed1052f37b29","user","owner"
"1518","e4a021b6-32c6-4415-94ad-a7d7405b427f","be02fae4-25e7-40d1-b07d-a7f9f09e18f6","user","owner"
"542","eedefc1e-f7ef-4494-84d0-04c9fca4169a","434f97ab-4b97-4443-8490-ed1052f37b29","user","owner"
"537","7846289f-2167-462d-a6e2-1baa255edcd7","f9d1b22a-ac23-4892-b8aa-99499e5a6bd2","user","viewer"
"533","8741daee-c654-4022-9040-7e8d314346af","434f97ab-4b97-4443-8490-ed1052f37b29","user","owner"
"534","8741daee-c654-4022-9040-7e8d314346af","4105ccc3-a2b1-4506-854a-60f22ae40443","user","viewer"
"502","5ff95f35-a959-4980-a99b-3ac745e2841f","4105ccc3-a2b1-4506-854a-60f22ae40443","user","viewer"
"495","217aa035-954b-477c-a7da-0130d31da8bc","4105ccc3-a2b1-4506-854a-60f22ae40443","user","viewer"
"397","412d9e55-7f56-411d-a15b-dc0e8a9dfb50","f9d1b22a-ac23-4892-b8aa-99499e5a6bd2","user","viewer"
"398","412d9e55-7f56-411d-a15b-dc0e8a9dfb50","be02fae4-25e7-40d1-b07d-a7f9f09e18f6","user","viewer"
"371","ca94a03e-dd29-4d82-bdf5-1b6b34eddccd","be02fae4-25e7-40d1-b07d-a7f9f09e18f6","user","owner"
"399","655fa09d-1c68-496d-a960-52d42e756f0f","be02fae4-25e7-40d1-b07d-a7f9f09e18f6","user","viewer"
"400","655fa09d-1c68-496d-a960-52d42e756f0f","f9d1b22a-ac23-4892-b8aa-99499e5a6bd2","user","viewer"
"395","6bec38e3-1945-442d-a41a-d86983a392d6","1a7a5703-74b7-49c7-897c-33f8925d9dba","user","owner"
"329","8a904184-48c0-4feb-9f92-9673d7947952","1a7a5703-74b7-49c7-897c-33f8925d9dba","user","owner"
"276","6ad3ba67-789b-485f-b85f-d63be0e659de","f9d1b22a-ac23-4892-b8aa-99499e5a6bd2","user","viewer"
"284","6ad3ba67-789b-485f-b85f-d63be0e659de","18b7dc3b-93ee-4668-b6de-22b5de9b96e4","user","owner"
"274","6abd2021-9001-471a-97f1-452383a0fe52","f9d1b22a-ac23-4892-b8aa-99499e5a6bd2","user","viewer"
"275","6abd2021-9001-471a-97f1-452383a0fe52","be02fae4-25e7-40d1-b07d-a7f9f09e18f6","user","owner"
"272","5fb79209-5ec9-463d-86d0-b096b57af3a2","f9d1b22a-ac23-4892-b8aa-99499e5a6bd2","user","viewer"
"273","5fb79209-5ec9-463d-86d0-b096b57af3a2","be02fae4-25e7-40d1-b07d-a7f9f09e18f6","user","owner"
"281","5fb79209-5ec9-463d-86d0-b096b57af3a2","18b7dc3b-93ee-4668-b6de-22b5de9b96e4","user","owner"
"271","0e4dd3e1-a5a2-4844-a8d5-0ccecc6ed7ba","be02fae4-25e7-40d1-b07d-a7f9f09e18f6","user","viewer"
"389","0e4dd3e1-a5a2-4844-a8d5-0ccecc6ed7ba","f9d1b22a-ac23-4892-b8aa-99499e5a6bd2","user","viewer"
"240","8c3ca29e-81df-4446-94ac-a8bc12f0b393","8eeca1c8-9411-4f44-bfa1-1f2209b9d91f","user","viewer"
"241","8c3ca29e-81df-4446-94ac-a8bc12f0b393","81b09132-b785-4524-958b-2c8556757199","user","viewer"
"175","0c1d3277-9f41-41e2-81fd-770a3d88e6d3","606ff29f-a46c-461a-b678-7998622083d1","user","viewer"
"1627","ac3f0d46-860d-47fa-870d-30e8bfb94008","22b95f63-1138-4d35-add5-50f6f3f8aa1c","user","owner"
"65","bdcbee3a-3750-44ad-a49b-c8e1cbf6f50a","1a7a5703-74b7-49c7-897c-33f8925d9dba","user","owner"
"363","b93f8176-3462-4fe7-8f96-e68896a557f4","1a7a5703-74b7-49c7-897c-33f8925d9dba","user","viewer"
"60","07b54bad-7509-4e0d-ae20-6f7a899bd5c0","774048ad-1d1f-4abf-aa41-726ab66be6a6","user","owner"
"53","3058fd75-b527-4d5a-bda8-205877149b69","be02fae4-25e7-40d1-b07d-a7f9f09e18f6","user","owner"
"1522","c0280e86-a4b7-4954-a95f-47355e1c9315","22b95f63-1138-4d35-add5-50f6f3f8aa1c","user","viewer"
"1696","c0280e86-a4b7-4954-a95f-47355e1c9315","45e3baa7-7ef4-4a21-9a0c-764da6bbc136","user","viewer"
"37","639826af-dede-4168-911e-24bfe6369b38","be02fae4-25e7-40d1-b07d-a7f9f09e18f6","user","owner"
"61","68b4e949-03c4-4a61-8a2b-e70948fc4b25","774048ad-1d1f-4abf-aa41-726ab66be6a6","user","owner"
"54","318ba731-24c5-4af3-aabb-d04c0e6ea727","be02fae4-25e7-40d1-b07d-a7f9f09e18f6","user","owner"
"55","318ba731-24c5-4af3-aabb-d04c0e6ea727","18b7dc3b-93ee-4668-b6de-22b5de9b96e4","user","owner"
"6","d00742e6-e6ce-4c7e-9c03-a9f3e5f9ca36","321a166d-6546-4565-b587-ae7c16364e93","user","viewer"
"28","c26aa5b6-f169-450e-8536-bad81d8127bb","81b09132-b785-4524-958b-2c8556757199","user","viewer"
"23","e1ba217a-6f14-4b49-bb16-ef6484267ef6","26b45e47-c7ec-4be0-8be1-78eb67f304c1","user","viewer"
"24","e1ba217a-6f14-4b49-bb16-ef6484267ef6","81b09132-b785-4524-958b-2c8556757199","user","viewer"
"25","e1ba217a-6f14-4b49-bb16-ef6484267ef6","f4b4c220-8c20-4482-8485-f31748a03e87","user","viewer"
"26","e1ba217a-6f14-4b49-bb16-ef6484267ef6","9b2318f8-1fbb-408b-90dd-b2c351b7520d","user","viewer"
"27","e1ba217a-6f14-4b49-bb16-ef6484267ef6","8eeca1c8-9411-4f44-bfa1-1f2209b9d91f","user","viewer"
"47","e1ba217a-6f14-4b49-bb16-ef6484267ef6","18b7dc3b-93ee-4668-b6de-22b5de9b96e4","user","owner"
"43","6696602f-af8f-446e-b4ab-af0ce9f0784c","be02fae4-25e7-40d1-b07d-a7f9f09e18f6","user","owner"
"18","01e68a11-77c2-4e79-befe-a2948aef6ba6","8eeca1c8-9411-4f44-bfa1-1f2209b9d91f","user","owner"
"10","c68ab710-1768-45d9-b54e-c6cb129bc267","be02fae4-25e7-40d1-b07d-a7f9f09e18f6","user","owner"
"13","73ccbde5-1c1c-42fd-926e-8ef45f9dd5e9","be02fae4-25e7-40d1-b07d-a7f9f09e18f6","user","owner"
"36","73ccbde5-1c1c-42fd-926e-8ef45f9dd5e9","1a7a5703-74b7-49c7-897c-33f8925d9dba","user","owner"
"11","cc110b58-d397-4c02-9cae-14bf35765421","be02fae4-25e7-40d1-b07d-a7f9f09e18f6","user","owner"
